_id,first_name,last_name,__deleted
76,Taffy,Steart,false
77,Evangeline,Foynes,false
78,Alana,Campes,,false
79,Sosanna,Dalrymple,false
80,Anstice,Pine,false
81,Penny,Winscum,false
82,Gauthier,Croneen,false
83,Jemmy,Dyka,false
84,Tadio,Rabbitts,false
85,Jo,Laugherane,false
86,Mannie,Caff,false
87,Sheryl,Goade,false
88,Colline,De Biasi,false
89,Brewer,Carneck,false
90,Daryl,Walford,false
91,Genevieve,Dolle,false
92,Granger,Sulter,false
93,Pepe,Jansens,false
94,Melanie,Goncalo,false
95,Zarla,Moule,false
96,Nigel,Wark,false
97,Jay,Belbin,false
98,Ninette,Punt,false
99,Aguie,Iveans,false
100,Merl,Cicutto,false
