chapter_id,chapter_name,subject_id
1,Cutleaf Bur Cucumber,1
2,Mission Mountain Kittentails,2
3,Rattan's Beardtongue,3
4,Downy Prairie Clover,4
5,Oriental Popcornflower,5
6,Palo De Hueso,6
7,Inyo Biscuitroot,7
8,Yellowtuft,8
9,Violet Wild Petunia,9
10,Aster,10
11,Echinocystis,11
12,Hawai'i Alectryon,12
13,Rimmed Navel Lichen,13
14,Fendler's Globemallow,14
15,Grassland Beggarticks,15
16,Venus' Looking-glass,16
17,White Cudweed,17
18,Inland Rush,18
19,Prickleleaf,19
20,Orcutt's Bristleweed,20
21,Smooth Cordgrass,21
22,Zion Chickensage,22
23,Angleleaf Miterwort,23
24,Almex,24
25,Wright's Waternymph,25
26,Greenheart,26
27,Callicladium Moss,27
28,Hitchcock's Bladderpod,28
29,Fiddleleaf Hawksbeard,29
30,Woolly Groundsel,30
31,Oppositeleaf Russian Thistle,31
32,Oahu Flatsedge,32
33,Maui Islandmint,33
34,Greene's Milkweed,34
35,Pale Agoseris,35
36,Jamaican Maiden Fern,36
37,Redstem Purslane,37
38,Barbula Moss,38
39,Pumpkin,39
40,Walter's Sedge,40
41,Rosemallow,41
42,Map Lichen,42
43,Felwort,43
44,Jamaican Babyboot Orchid,44
45,Rim Lichen,45
46,Seaside Bird's Beak,46
47,Yerba,47
48,Schwerin's False Indigo,48
49,Large-flower Hop Clover,49
50,King's Scepter Gentian,50
51,Cusick's Buckwheat,51
52,Mudmats,52
53,Mexican Skullcap,53
54,Carolina Sphagnum,54
55,Cartilage Lichen,55
56,Flagstaff Beardtongue,56
57,Eucladium Moss,57
58,Warm Springs Hawthorn,58
59,Dot Lichen,59
60,Large-flower Primrose-willow,60
61,Mendez's Sandmat,61
62,Brugmansia,62
63,Siamese Cassia,63
64,Santa Cruz Island Ticktrefoil,64
65,Wells' Manzanita,65
66,Twoleaf Anemone,66
67,Sequoia Bedstraw,67
68,Sea Bilberry,68
69,Moor Rush,69
70,Common Woolly Sunflower,70
71,Sphinctospermum,71
72,Shortpod Thelypody,72
73,Hickman's Cinquefoil,73
74,Dane's Dwarf Gentian,74
75,Joor Oak,75
76,Mexican Mosquito Fern,76
77,Devil's-tongue,77
78,Beard Lichen,78
79,Braun's Erigeron,79
80,Forked Lineleaf Fern,80
81,Barrens Silky Aster,81
82,Edwards Plateau Beardgrass,82
83,King's Lupine,83
84,Peruvian Ragweed,84
85,Kybean Gum,85
86,Warty Caltrop,86
87,Western Spruce Dwarf Mistletoe,87
88,Script Lichen,88
89,Bigseed Alfalfa Dodder,89
90,Largeflower Yellow False Foxglove,90
91,Eightpetal Mountain-avens,91
92,Archidium Moss,92
93,Wyoming Thistle,93
94,Variegated Phlox,94
95,Poison Canyon Stickseed,95
96,Leafless Beaked Lady Orchid,96
97,Alpine Cancer-root,97
98,False Beardgrass,98
99,Spoonleaf Treebine,99
100,Waterthyme,100
